playerID,yearID,stint,inMater,Name,Age,teamID,lgID,G,PA,AB,R,H,2B,3B,HR,RBI,SB,CS,BB,SO,IBB,HBP,SH,SF,GIDP
taylobe11,2020,1,0,Beau Taylor,30,CLE,AL,162,59,52,3,4,0,0,0,5,0,0,5,21,0,0,2,0,0
willima10,2020,1,0,Mason Williams,28,BAL,AL,162,44,43,1,6,0,2,0,1,0,2,1,20,0,0,0,0,0
lintz02,2020,1,0,Tzu-Wei Lin,26,BOS,AL,162,140,128,7,21,3,0,1,9,0,0,6,41,0,0,4,2,3
hicksaa01,2020,1,1,Aaron Hicks,30,NYY,AL,162,517,423,67,95,24,4,15,52,9,2,90,100,2,3,0,1,10
judgeaa01,2020,1,1,Aaron Judge,28,NYY,AL,162,279,248,52,62,8,0,19,49,1,2,24,77,0,5,0,0,11
whiteaa01,2020,1,1,Aaron Whitefield,23,MIN,AL,162,2,2,2,0,0,0,0,0,0,0,0,0,0,0,0,0,0
almonab01,2020,1,1,Abraham Almonte,31,SDP,NL,162,32,27,1,3,0,0,0,1,2,2,5,10,0,0,0,0,0
toroab01,2020,1,1,Abraham Toro,23,HOU,AL,162,238,213,31,35,6,0,7,23,2,2,10,57,0,15,0,0,3
mondera02,2020,1,1,Adalberto Mondesi,24,KCR,AL,162,571,532,78,133,26,6,15,55,49,16,31,167,0,3,4,1,10
duvalad01,2020,1,1,Adam Duvall,31,ATL,NL,162,512,464,78,109,20,0,35,76,1,0,38,132,0,7,0,3,6
eatonad02,2020,1,1,Adam Eaton,31,WSN,NL,162,431,389,53,88,25,2,10,42,7,0,31,84,2,3,8,0,10
engelad01,2020,1,1,Adam Engel,28,CHW,AL,162,228,214,27,60,12,2,7,28,2,0,10,49,0,4,0,0,3
fraziad01,2020,1,1,Adam Frazier,28,PIT,NL,162,564,511,56,117,18,0,17,57,3,6,43,96,0,7,2,1,8
haselad01,2020,1,1,Adam Haseley,24,PHI,NL,162,225,196,19,52,12,0,1,30,0,0,17,44,2,4,6,2,7
hechaad01,2020,1,1,Adeiny Hechavarria,31,ATL,NL,162,154,144,17,36,7,0,1,7,0,0,10,31,0,0,0,0,3
garciad02,2020,1,1,Adolis García,27,TEX,AL,162,17,15,0,1,0,0,0,0,0,0,2,9,0,0,0,0,0
polloaj01,2020,1,1,AJ Pollock,32,LAD,NL,162,515,477,71,127,22,0,35,78,5,4,32,114,2,1,0,5,14
almoral01,2020,1,1,Albert Almora,26,CHC,NL,162,83,74,10,13,3,0,0,4,0,0,7,22,0,2,0,0,0
pujolal01,2020,1,1,Albert Pujols,40,LAA,AL,162,399,370,38,82,19,0,14,58,1,0,24,68,2,3,0,2,9
bohmal01,2020,1,1,Alec Bohm,23,PHI,NL,162,441,393,57,124,25,0,10,55,3,2,39,92,0,5,0,4,10
millsal02,2020,1,1,Alec Mills,28,CHC,NL,162,2,2,0,0,0,0,0,0,0,0,0,2,0,0,0,0,0
diazal02,2020,1,1,Aledmys Díaz,29,HOU,AL,162,145,141,19,33,11,0,7,15,0,0,4,31,0,0,0,0,3
kirkal01,2020,1,1,Alejandro Kirk,21,TOR,AL,162,61,58,9,20,4,0,2,7,0,0,3,11,0,0,0,0,0
avilaal01,2020,1,1,Alex Avila,33,MIN,AL,162,152,124,15,24,5,0,3,7,0,0,24,51,0,4,0,0,5
bregmal01,2020,1,1,Alex Bregman,26,HOU,AL,162,441,379,47,90,27,2,14,53,1,0,55,72,2,5,0,2,6
dickeal01,2020,1,1,Alex Dickerson,30,SFG,NL,162,417,371,65,105,23,2,22,62,1,0,39,79,4,5,0,2,11
gordoal01,2020,1,1,Alex Gordon,36,KCR,AL,162,451,400,39,84,11,0,10,31,1,0,43,95,0,7,0,1,2
jacksal02,2020,1,1,Alex Jackson,24,ATL,NL,162,17,17,0,5,2,0,0,0,0,0,0,9,0,0,0,0,2
verdual01,2020,1,1,Alex Verdugo,24,BOS,AL,162,541,491,83,144,36,0,15,40,9,0,42,115,2,5,0,3,10
sanchal04,2020,1,1,Ali Sanchez,23,NYM,NL,162,25,23,1,3,0,0,0,1,0,0,2,7,0,0,0,0,4
rosaram01,2020,1,1,Amed Rosario,24,NYM,NL,162,360,345,47,85,9,2,10,37,1,2,14,85,0,1,0,0,11
tejedan01,2020,1,1,Anderson Tejeda,22,TEX,AL,162,189,182,18,45,9,2,7,20,8,2,7,69,0,0,0,0,5
simmoan01,2020,1,1,Andrelton Simmons,30,LAA,AL,162,311,287,44,81,16,0,2,26,5,0,21,46,0,3,0,0,11
gimenan01,2020,1,1,Andres Gimenez,21,NYM,NL,162,323,289,51,74,8,4,8,30,17,2,19,71,0,13,0,2,1
beninan01,2020,1,1,Andrew Benintendi,25,BOS,AL,162,127,99,11,13,3,0,1,4,2,4,24,40,0,2,2,0,2
knappan01,2020,1,1,Andrew Knapp,28,PHI,NL,162,218,181,22,48,10,2,5,34,0,0,33,48,0,2,0,2,3
kniznan01,2020,1,1,Andrew Knizner,25,STL,NL,162,42,39,3,10,2,0,0,9,0,0,1,12,0,0,0,2,4
mccutan01,2020,1,1,Andrew McCutchen,33,PHI,NL,162,590,531,76,131,22,0,23,79,9,0,53,123,0,3,0,3,10
rominan01,2020,1,1,Andrew Romine,34,TEX,AL,162,10,10,2,2,2,0,0,0,0,0,0,3,0,0,0,0,0
stevean01,2020,1,1,Andrew Stevenson,26,WSN,NL,162,115,101,24,34,15,2,5,26,4,0,12,27,0,2,0,0,0
susacan01,2020,1,1,Andrew Susac,30,PIT,NL,162,10,6,0,0,0,0,0,0,0,0,4,1,0,0,0,0,0
velazan01,2020,1,1,Andrew Velazquez,25,BAL,AL,162,189,158,26,27,3,2,1,10,8,4,23,55,0,0,8,0,5
youngan02,2020,1,1,Andy Young,26,ARI,NL,162,83,66,8,13,5,0,2,10,0,0,11,24,0,6,0,0,0
alforan01,2020,1,1,Anthony Alford,25,TOT,MLB,162,71,68,11,15,0,2,4,15,6,0,3,19,0,0,0,0,0
bemboan01,2020,1,1,Anthony Bemboom,30,LAA,AL,162,147,121,21,25,3,0,7,13,0,2,16,33,0,4,4,2,1
rendoan01,2020,1,1,Anthony Rendon,30,LAA,AL,162,568,471,70,129,26,2,21,73,1,0,85,88,4,11,0,1,22
rizzoan01,2020,1,1,Anthony Rizzo,30,CHC,NL,162,595,504,64,112,16,0,25,60,7,2,65,104,8,21,0,5,14
santaan02,2020,1,1,Anthony Santander,25,BAL,AL,162,404,373,56,95,29,2,24,72,1,2,26,69,6,5,0,0,5
aquinar01,2020,1,1,Aristides Aquino,26,CIN,NL,162,137,117,17,21,3,0,5,19,2,0,14,42,0,6,0,0,2
cabreas01,2020,1,1,Asdrubal Cabrera,34,WSN,NL,162,522,466,57,111,22,6,19,72,1,0,46,104,0,1,0,9,14
adamsau02,2020,1,1,Austin Adams,29,SDP,NL,162,2,2,0,0,0,0,0,0,0,0,0,2,0,0,0,0,0
allenau01,2020,1,1,Austin Allen,26,OAK,AL,162,78,75,4,15,3,0,2,7,0,0,3,32,0,0,0,0,0
barneau01,2020,1,1,Austin Barnes,30,LAD,NL,162,255,214,33,51,8,0,3,23,7,0,30,60,0,5,4,2,1
deanau01,2020,1,1,Austin Dean,26,STL,NL,162,17,11,2,3,2,0,0,0,0,0,6,5,0,0,0,0,0
haysau01,2020,1,1,Austin Hays,24,BAL,AL,162,328,298,47,80,6,0,10,24,5,6,21,65,0,5,0,4,3
hedgeau01,2020,1,1,Austin Hedges,27,TOT,MLB,162,203,172,18,27,3,0,7,16,2,2,15,55,0,4,10,2,7
meadoau01,2020,1,1,Austin Meadows,25,TBR,AL,162,372,325,46,67,19,2,10,33,5,2,40,117,0,3,0,4,1
nolaau01,2020,1,1,Austin Nola,30,TOT,MLB,162,451,396,57,104,21,2,16,65,1,0,43,89,2,7,0,5,8
rileyau01,2020,1,1,Austin Riley,23,ATL,NL,162,505,459,58,108,18,2,19,64,1,0,40,122,2,3,0,3,12
rominau01,2020,1,1,Austin Romine,31,DET,AL,162,331,315,31,74,12,0,6,40,1,0,13,109,0,1,0,2,7
slateau01,2020,1,1,Austin Slater,27,SFG,NL,162,255,212,41,57,6,2,11,19,17,2,36,56,0,5,2,0,5
garciav01,2020,1,1,Avisail Garcia,29,MIL,NL,162,507,445,50,104,24,0,7,40,3,6,48,122,4,13,0,1,6
gamelbe01,2020,1,1,Ben Gamel,28,MIL,NL,162,311,279,32,65,18,2,8,26,1,4,31,92,0,1,0,0,9
hamilbi02,2020,1,1,Billy Hamilton,29,TOT,NL,162,88,79,22,11,1,0,2,6,12,4,5,18,0,0,2,2,0
mckinbi01,2020,1,1,Billy McKinney,25,TOR,AL,162,7,7,2,4,0,0,0,0,0,0,0,0,0,0,0,0,0
bichebo01,2020,1,1,Bo Bichette,22,TOR,AL,162,314,298,42,85,20,2,12,52,9,2,15,69,2,1,0,0,5
dalbebo01,2020,1,1,Bobby Dalbec,25,BOS,AL,162,225,198,31,50,8,0,17,36,0,0,23,88,0,4,0,0,1
millebr02,2020,1,1,Brad Miller,30,STL,NL,162,419,353,51,81,19,2,16,58,3,0,57,111,2,7,0,2,5
bishobr01,2020,1,1,Braden Bishop,26,SEA,AL,162,83,74,6,13,5,0,0,10,2,0,5,24,0,2,2,0,0
zimmebr01,2020,1,1,Bradley Zimmer,27,CLE,AL,162,123,95,9,17,1,0,3,8,4,2,16,34,0,10,0,2,4
beltbr01,2020,1,1,Brandon Belt,32,SFG,NL,162,439,371,59,108,29,2,20,69,1,0,67,92,2,1,0,0,12
crawfbr01,2020,1,1,Brandon Crawford,33,SFG,NL,162,473,422,62,105,27,0,18,65,3,4,37,116,4,9,0,5,8
dixonbr01,2020,1,1,Brandon Dixon,28,DET,AL,162,34,31,1,3,2,0,0,5,0,0,3,10,0,0,0,0,2
drurybr01,2020,1,1,Brandon Drury,27,TOR,AL,162,120,112,8,18,3,0,1,4,0,0,6,24,0,0,0,2,0
lowebr01,2020,1,1,Brandon Lowe,25,TBR,AL,162,549,476,83,124,22,4,31,85,7,0,59,142,0,9,0,5,6
nimmobr01,2020,1,1,Brandon Nimmo,27,NYM,NL,162,551,462,77,124,20,6,19,47,3,4,75,112,0,13,0,1,4
rodgebr02,2020,1,1,Brendan Rodgers,23,COL,NL,162,51,50,3,6,2,0,0,5,0,0,1,14,0,0,0,0,0
rookebr01,2020,1,1,Brent Rooker,25,MIN,AL,162,51,46,9,14,4,0,2,11,0,0,1,12,0,4,0,0,0
gardnbr01,2020,1,1,Brett Gardner,36,NYY,AL,162,387,324,48,72,13,2,12,38,7,6,58,88,0,3,0,2,1
phillbr02,2020,1,1,Brett Phillips,26,TOT,AL,162,145,127,23,25,1,4,5,13,12,2,18,37,0,0,0,0,1
anderbr06,2020,1,1,Brian Anderson,27,MIA,NL,162,561,492,65,122,18,2,25,87,1,0,53,158,2,13,0,3,6
doziebr01,2020,1,1,Brian Dozier,33,NYM,NL,162,39,36,3,5,0,0,0,1,0,0,3,12,0,0,0,0,2
goodwbr01,2020,1,1,Brian Goodwin,29,TOT,MLB,162,402,355,42,77,21,2,14,52,11,0,40,127,2,3,0,4,3
navarbr01,2020,1,1,Brian Navarreto,25,MIA,NL,162,12,12,0,4,0,0,0,0,0,0,0,3,0,0,0,0,0
ogradbr01,2020,1,1,Brian O'Grady,28,TBR,AL,162,12,12,4,4,2,0,0,0,2,0,0,3,0,0,0,0,0
holtbr01,2020,1,1,Brock Holt,32,TOT,NL,162,260,233,29,49,14,0,1,15,3,0,22,60,0,3,0,2,7
holadbr01,2020,1,1,Bryan Holaday,32,BAL,AL,162,81,76,12,13,3,0,0,10,0,0,5,22,0,0,0,0,2
reynobr01,2020,1,1,Bryan Reynolds,25,PIT,NL,162,510,454,58,89,16,4,17,48,3,2,50,138,0,3,0,1,6
harpebr03,2020,1,1,Bryce Harper,27,PHI,NL,162,598,479,94,124,22,4,29,78,17,4,107,114,16,5,2,5,12
starlbu01,2020,1,1,Bubba Starling,27,KCR,AL,162,157,145,13,26,3,0,3,13,0,0,10,61,0,0,0,2,1
buxtoby01,2020,1,1,Byron Buxton,26,MIN,AL,162,331,315,45,78,8,0,28,60,5,2,9,87,0,3,0,4,5
croncj01,2020,1,1,C.J. Cron,30,DET,AL,162,127,105,21,21,7,0,9,18,0,0,20,38,0,2,0,0,4
josepca01,2020,1,1,Caleb Joseph,34,TOR,AL,162,22,20,4,3,0,0,2,4,0,0,2,3,0,0,0,0,0
gallaca01,2020,1,1,Cam Gallagher,27,KCR,AL,162,147,131,23,35,11,0,3,9,0,0,14,29,0,0,2,0,1
maybica01,2020,1,1,Cameron Maybin,33,TOT,MLB,162,247,226,21,55,18,2,3,19,7,0,18,61,0,3,0,0,9
correca01,2020,1,1,Carlos Correa,25,HOU,AL,162,541,491,55,126,22,0,13,60,1,0,40,123,4,7,0,3,10
santaca01,2020,1,1,Carlos Santana,34,CLE,AL,162,625,515,81,105,18,0,19,72,1,0,104,115,2,3,0,3,12
kellyca02,2020,1,1,Carson Kelly,25,ARI,NL,162,316,296,28,65,12,0,12,44,1,0,17,73,0,3,0,0,9
kieboca01,2020,1,1,Carter Kieboom,22,WSN,NL,162,299,247,36,51,4,0,2,24,1,2,39,80,0,11,0,2,13
biggica01,2020,1,1,Cavan Biggio,25,TOR,AL,162,649,547,95,134,37,0,19,69,13,1,92,152,0,7,0,1,6
mullice01,2020,1,1,Cedric Mullins,25,BAL,AL,162,375,342,40,90,11,6,8,31,15,4,22,91,0,3,8,0,1
hernace02,2020,1,1,Cesar Hernandez,30,CLE,AL,162,639,571,83,155,44,0,9,52,1,0,58,144,0,5,2,1,8
puellce01,2020,1,1,Cesar Puello,29,BOS,AL,162,27,21,3,7,0,0,0,1,0,0,4,5,0,0,2,0,0
pindech01,2020,1,1,Chad Pinder,28,OAK,AL,162,149,137,19,31,7,0,5,19,0,0,12,33,0,0,0,0,7
wallach01,2020,1,1,Chad Wallach,28,MIA,NL,162,118,108,10,24,7,0,3,14,0,0,8,30,0,0,2,0,2
trompch01,2020,1,1,Chadwick Tromp,25,SFG,NL,162,157,149,25,32,3,0,9,23,0,0,4,47,0,0,0,4,7
siscoch01,2020,1,1,Chance Sisco,25,BAL,AL,162,296,244,28,53,10,0,10,26,1,0,39,96,0,13,0,0,3
blackch02,2020,1,1,Charlie Blackmon,33,COL,NL,162,605,542,74,156,28,2,15,96,5,2,47,116,8,5,0,11,10
culbech01,2020,1,1,Charlie Culberson,31,ATL,NL,162,17,17,4,3,2,0,0,2,0,0,0,9,0,0,0,0,0
cuthbch01,2020,1,1,Cheslor Cuthbert,27,CHW,AL,162,2,2,0,0,0,0,0,0,0,0,0,0,0,0,0,0,0
davisch02,2020,1,1,Chris Davis,34,BAL,AL,162,135,127,9,17,7,0,1,5,0,0,8,40,0,0,0,0,0
owingch01,2020,1,1,Chris Owings,28,COL,NL,162,108,100,20,26,3,0,5,12,2,0,8,27,0,0,0,0,0
tayloch03,2020,1,1,Chris Taylor,29,LAD,NL,162,524,456,71,119,24,4,19,74,7,4,60,134,0,5,2,1,8
arroych01,2020,1,1,Christian Arroyo,25,TOT,AL,162,132,122,17,29,3,0,7,19,0,0,10,28,0,0,0,0,4
colonch01,2020,1,1,Christian Colon,31,CIN,NL,162,59,56,7,8,2,0,0,5,2,0,3,9,0,0,0,0,2
vazquch01,2020,1,1,Christian Vazquez,29,BOS,AL,162,463,422,53,115,21,0,16,55,9,6,39,107,0,1,0,1,14
walkech02,2020,1,1,Christian Walker,29,ARI,NL,162,595,534,82,140,40,2,17,80,3,2,47,128,0,7,0,7,14
yelicch01,2020,1,1,Christian Yelich,28,MIL,NL,162,605,500,90,104,18,2,27,56,9,4,101,180,4,3,0,1,10
stewach02,2020,1,1,Christin Stewart,26,DET,AL,162,243,220,17,39,8,0,7,23,1,0,14,71,0,5,0,2,5
frazicl01,2020,1,1,Clint Frazier,25,NYY,AL,162,392,327,56,84,15,2,18,60,7,0,56,106,0,7,0,2,11
bellico01,2020,1,1,Cody Bellinger,24,LAD,NL,162,595,524,78,124,24,0,27,72,13,2,69,112,4,1,0,1,10
tuckeco01,2020,1,1,Cole Tucker,23,PIT,NL,162,284,265,40,58,8,0,3,22,3,0,14,75,0,1,2,2,7
moranco01,2020,1,1,Colin Moran,27,PIT,NL,162,490,436,66,106,23,0,23,56,1,0,46,127,0,5,0,3,20
dickeco01,2020,1,1,Corey Dickerson,31,MIA,NL,162,515,473,61,119,14,2,17,44,3,2,38,94,2,1,0,1,12
seageco01,2020,1,1,Corey Seager,26,LAD,NL,162,568,517,88,151,28,2,33,93,3,0,43,100,0,3,0,5,18
pachecr01,2020,1,1,Cristian Pache,21,ATL,NL,162,10,10,0,2,0,0,0,0,0,0,0,5,0,0,0,0,0
casalcu01,2020,1,1,Curt Casali,31,CIN,NL,162,228,190,25,42,8,0,13,20,2,0,32,69,0,6,0,0,5
johnsda07,2020,1,1,Daniel Johnson,24,CLE,AL,162,32,29,1,3,0,0,0,1,0,0,3,12,2,0,0,0,0
murphda08,2020,1,1,Daniel Murphy,35,COL,NL,162,323,299,27,70,8,0,8,38,1,0,19,57,4,1,0,2,7
roberda10,2020,1,1,Daniel Robertson,26,SFG,NL,162,59,52,9,16,0,0,0,5,0,0,7,15,0,0,0,0,0
vogelda01,2020,1,1,Daniel Vogelbach,27,TOT,MLB,162,333,285,39,60,8,0,14,38,1,0,45,81,2,3,0,0,7
janseda01,2020,1,1,Danny Jansen,25,TOR,AL,162,360,299,43,57,9,0,14,47,1,0,48,79,0,5,6,2,3
mendida01,2020,1,1,Danny Mendick,26,CHW,AL,162,279,260,28,62,10,2,7,17,1,2,16,63,0,1,0,2,7
santada01,2020,1,1,Danny Santana,29,TEX,AL,162,154,136,15,22,9,0,3,17,4,0,16,55,0,0,0,2,3
swansda01,2020,1,1,Dansby Swanson,26,ATL,NL,162,647,581,111,154,35,0,23,83,11,1,54,172,0,9,0,3,2
rufda01,2020,1,1,Darin Ruf,33,SFG,NL,162,245,214,27,57,14,0,11,41,3,0,30,57,0,1,0,0,3
varshda01,2020,1,1,Daulton Varsho,23,ARI,NL,162,282,249,38,48,12,4,7,24,7,2,28,79,0,5,0,0,3
boteda01,2020,1,1,David Bote,27,CHC,NL,162,355,308,37,63,8,2,16,65,5,0,40,96,0,5,0,2,13
dahlda01,2020,1,1,David Dahl,26,COL,NL,162,243,226,23,43,6,4,1,23,3,0,12,67,0,3,0,2,1
fletcda02,2020,1,1,David Fletcher,26,LAA,AL,162,564,507,74,153,30,0,9,47,5,2,49,76,0,1,2,5,10
peralda01,2020,1,1,David Peralta,32,ARI,NL,162,534,494,49,141,24,2,13,78,3,0,34,115,0,1,0,5,10
lugoda01,2020,1,1,Dawel Lugo,25,DET,AL,162,27,25,7,5,0,0,0,3,0,0,2,3,0,0,0,0,2
camerda01,2020,1,1,Daz Cameron,23,DET,AL,162,145,139,11,27,5,2,1,9,2,0,6,45,0,0,0,0,3
gordode01,2020,1,1,Dee Strange-Gordon,32,SEA,AL,162,201,184,28,37,3,0,1,10,6,4,13,35,0,4,0,0,3
grullde01,2020,1,1,Deivy Grullon,24,BOS,AL,162,10,8,0,2,0,0,0,2,0,0,2,3,0,0,0,0,0
deshide02,2020,1,1,Delino DeShields,27,CLE,AL,162,294,262,26,65,8,4,2,20,7,4,23,72,0,1,8,0,1
dietrde01,2020,1,1,Derek Dietrich,30,TEX,AL,162,184,153,22,31,3,0,11,20,2,2,21,51,0,10,0,0,9
fishede01,2020,1,1,Derek Fisher,26,TOR,AL,162,96,78,12,18,5,2,3,16,0,2,16,27,0,0,0,2,0
hillde01,2020,1,1,Derek Hill,24,DET,AL,162,29,27,7,3,0,0,0,1,0,0,2,13,0,0,0,0,0
fowlede01,2020,1,1,Dexter Fowler,34,STL,NL,162,247,220,33,51,6,0,9,35,3,2,24,67,0,3,0,0,5
gregodi01,2020,1,1,Didi Gregorius,30,PHI,NL,162,581,526,80,143,24,4,23,91,7,4,39,83,6,9,2,5,10
herredi01,2020,1,1,Dilson Herrera,26,BAL,AL,162,15,13,0,1,0,0,0,0,0,0,0,9,0,2,0,0,0
lemahdj01,2020,1,1,DJ LeMahieu,31,NYY,AL,162,529,477,93,161,24,4,23,64,7,0,44,67,0,5,0,3,8
stewadj01,2020,1,1,DJ Stewart,26,BAL,AL,162,274,221,32,44,6,0,15,35,1,0,44,89,0,5,4,0,1
santado01,2020,1,1,Domingo Santana,27,CLE,AL,162,206,175,16,30,7,0,5,28,0,0,29,60,0,2,0,0,5
smithdo02,2020,1,1,Dominic Smith,25,NYM,NL,162,488,434,64,130,45,2,23,94,1,0,36,113,0,11,0,7,6
solando01,2020,1,1,Donovan Solano,32,SFG,NL,162,497,461,54,142,33,2,9,68,1,0,28,101,0,5,0,3,6
waltodo01,2020,1,1,Donovan Walton,26,SEA,AL,162,34,31,1,5,2,0,0,7,0,2,3,12,0,0,0,0,2
buterdr01,2020,1,1,Drew Butera,36,COL,NL,162,105,95,10,16,5,0,1,10,0,0,6,27,0,0,2,2,6
garnedu01,2020,1,1,Dustin Garneau,32,HOU,AL,162,113,95,10,16,1,2,3,10,0,0,14,35,0,0,4,0,2
smithdw02,2020,1,1,Dwight Smith Jr.,27,BAL,AL,162,176,155,22,34,7,0,5,15,2,0,17,46,2,2,0,2,3
carlsdy01,2020,1,1,Dylan Carlson,21,STL,NL,162,292,268,28,55,16,2,8,38,3,2,21,84,0,1,0,2,7
mooredy01,2020,1,1,Dylan Moore,27,SEA,AL,162,390,339,60,84,21,0,18,42,25,10,34,104,0,17,0,0,9
rosared01,2020,1,1,Eddie Rosario,28,MIN,AL,162,566,513,74,129,18,0,29,95,7,2,47,94,4,1,0,5,8
alvared01,2020,1,1,Eddy Alvarez,30,MIA,NL,162,100,90,14,18,3,0,1,6,4,0,8,37,0,2,0,0,0
escobed01,2020,1,1,Eduardo Escobar,31,ARI,NL,162,544,495,55,106,18,6,11,51,3,0,39,107,8,5,0,5,12
nunezed02,2020,1,1,Eduardo Nunez,33,NYM,NL,162,5,5,0,2,0,0,0,0,2,0,0,0,0,0,0,0,0
olivaed02,2020,1,1,Edward Olivares,24,TOT,MLB,162,247,232,23,55,6,2,7,25,1,4,12,61,0,1,0,2,3
encared01,2020,1,1,Edwin Encarnacion,37,CHW,AL,162,443,391,47,66,13,0,22,47,1,0,39,128,0,9,0,2,8
riosed01,2020,1,1,Edwin Rios,26,LAD,NL,162,203,186,30,45,13,0,17,38,0,0,11,45,0,4,0,2,5
adriaeh01,2020,1,1,Ehire Adrianza,30,MIN,AL,162,247,218,25,43,16,0,1,11,3,0,26,57,0,3,0,0,7
whiteel04,2020,1,1,Eli White,26,TEX,AL,162,127,117,13,23,5,0,1,8,2,2,8,38,0,0,0,2,0
diazel01,2020,1,1,Elias Diaz,29,COL,NL,162,179,166,12,39,5,0,5,21,0,0,13,38,0,0,0,0,9
sotoel01,2020,1,1,Elliot Soto,30,LAA,AL,162,17,15,4,5,2,0,0,0,0,0,2,3,0,0,0,0,0
jimenel02,2020,1,1,Eloy Jimenez,23,CHW,AL,162,554,517,63,146,32,0,31,93,1,0,33,138,0,1,0,3,10
andruel01,2020,1,1,Elvis Andrus,31,TEX,AL,162,272,251,28,50,12,0,7,19,7,2,20,43,0,1,0,0,11
bonifem01,2020,1,1,Emilio Bonifacio,35,WSN,NL,162,7,7,2,0,0,0,0,0,0,2,0,4,0,0,0,0,0
inciaen01,2020,1,1,Ender Inciarte,29,ATL,NL,162,321,285,41,56,6,2,4,26,9,2,29,65,0,1,2,4,1
hernaen02,2020,1,1,Enrique Hernandez,28,LAD,NL,162,363,338,47,77,19,2,12,47,1,2,18,79,0,5,0,2,11
haaseer01,2020,1,1,Eric Haase,27,DET,AL,162,47,42,3,8,0,0,0,5,0,0,3,14,0,0,0,2,0
hosmeer01,2020,1,1,Eric Hosmer,30,SDP,NL,162,382,349,54,96,15,0,20,79,9,0,24,74,0,5,0,4,7
sogarer01,2020,1,1,Eric Sogard,34,MIL,NL,162,314,282,26,59,12,0,4,26,1,0,27,55,0,3,0,2,3
thameer01,2020,1,1,Eric Thames,33,WSN,NL,162,343,303,27,62,12,0,8,31,3,0,33,100,2,7,0,0,5
mejiaer01,2020,1,1,Erick Mejia,25,KCR,AL,162,39,34,3,3,2,0,0,1,2,0,1,16,0,0,2,0,0
gonzaer01,2020,1,1,Erik Gonzalez,28,PIT,NL,162,473,440,38,99,29,2,8,49,5,6,23,124,0,1,2,7,12
kratzer01,2020,1,1,Erik Kratz,40,NYY,AL,162,74,69,6,21,5,0,0,9,0,0,5,16,0,0,0,0,0
flories01,2020,1,1,Estevan Florial,22,NYY,AL,162,7,7,0,2,0,0,0,0,0,0,0,4,0,0,0,0,0
suareeu01,2020,1,1,Eugenio Suarez,28,CIN,NL,162,566,489,70,101,20,0,33,87,5,0,69,160,2,5,0,3,12
longoev01,2020,1,1,Evan Longoria,34,SFG,NL,162,512,470,62,117,24,2,17,66,1,2,30,102,0,5,0,7,22
whiteev01,2020,1,1,Evan White,24,SEA,AL,162,495,445,48,82,17,0,19,62,3,4,44,191,0,3,0,3,8
tatisfe02,2020,1,1,Fernando Tatis Jr.,21,SDP,NL,162,630,552,113,147,26,4,37,102,23,6,64,151,2,11,0,3,14
cordefr02,2020,1,1,Franchy Cordero,25,KCR,AL,162,103,93,16,20,7,0,5,16,2,0,10,13,0,0,0,0,2
cervefr01,2020,1,1,Francisco Cervelli,34,MIA,NL,162,152,132,23,32,5,0,7,17,2,0,18,35,0,2,0,0,7
lindofr01,2020,1,1,Francisco Lindor,26,CLE,AL,162,652,580,73,146,31,0,19,67,13,5,58,112,4,9,0,5,18
mejiafr01,2020,1,1,Francisco Mejia,24,SDP,NL,162,103,95,12,10,3,0,3,6,0,0,4,23,0,4,0,0,2
barrefr02,2020,1,1,Franklin Barreto,24,TOT,AL,162,69,66,11,7,0,0,0,5,2,0,1,33,0,2,0,0,0
reyesfr01,2020,1,1,Franmil Reyes,24,CLE,AL,162,590,519,66,137,24,0,21,79,1,0,57,165,0,3,0,11,14
freemfr01,2020,1,1,Freddie Freeman,30,ATL,NL,162,642,534,115,169,50,2,29,119,5,0,100,104,14,7,0,1,14
galvifr01,2020,1,1,Freddy Galvis,30,CIN,NL,162,390,347,44,76,13,0,16,40,3,2,32,78,0,11,0,0,11
coopega03,2020,1,1,Garrett Cooper,29,MIA,NL,162,326,294,47,80,18,0,14,46,1,0,27,77,0,5,0,0,11
hampsga01,2020,1,1,Garrett Hampson,25,COL,NL,162,451,408,59,94,11,6,12,31,13,2,33,141,0,1,6,3,4
stubbga01,2020,1,1,Garrett Stubbs,27,HOU,AL,162,25,21,3,3,0,0,0,3,0,2,0,1,0,0,2,2,0
sanchga02,2020,1,1,Gary Sanchez,27,NYY,AL,162,436,384,47,62,11,0,22,56,1,0,43,148,0,9,0,0,14
luxga01,2020,1,1,Gavin Lux,22,LAD,NL,162,169,154,19,28,5,0,7,19,2,0,15,46,0,0,0,0,1
springe01,2020,1,1,George Springer,30,HOU,AL,162,544,467,85,120,16,4,31,75,3,4,57,101,0,11,0,5,8
stantmi03,2020,1,1,Giancarlo Stanton,30,NYY,AL,162,230,190,29,46,16,0,9,26,2,2,34,65,2,4,0,0,9
urshegi01,2020,1,1,Gio Urshela,28,NYY,AL,162,426,372,57,105,25,0,14,68,3,0,43,70,0,3,0,8,14
torregl01,2020,1,1,Gleyber Torres,23,NYY,AL,162,392,337,42,80,19,0,8,40,3,0,50,74,0,5,0,0,11
greingr01,2020,1,1,Grayson Greiner,27,DET,AL,162,135,125,19,17,5,0,7,19,0,0,8,46,0,2,0,0,4
allengr01,2020,1,1,Greg Allen,27,TOT,MLB,162,78,65,10,11,3,0,2,9,4,0,7,24,0,4,0,2,0
garcigr01,2020,1,1,Greg Garcia,30,SDP,NL,162,174,149,16,30,7,0,1,25,2,0,17,44,0,0,6,2,1
polangr01,2020,1,1,Gregory Polanco,28,PIT,NL,162,426,384,33,63,15,0,16,52,7,2,33,150,0,1,0,6,4
heredgu01,2020,1,1,Guillermo Heredia,29,TOT,NL,162,88,81,14,17,1,0,4,12,2,0,7,22,0,0,0,0,0
alberha01,2020,1,1,Hanser Alberto,27,BAL,AL,162,566,531,82,145,34,0,9,55,7,0,19,86,0,7,4,5,14
castrha01,2020,1,1,Harold Castro,26,DET,AL,162,132,120,15,39,9,0,1,9,0,0,12,28,0,0,0,0,2
ramirha02,2020,1,1,Harold Ramirez,25,MIA,NL,162,27,25,5,5,0,0,0,3,0,2,2,5,0,0,0,0,0
baderha01,2020,1,1,Harrison Bader,26,STL,NL,162,306,262,48,59,16,4,10,28,7,2,31,94,0,11,0,2,5
perezhe01,2020,1,1,Hernan Perez,29,CHC,NL,162,15,15,0,3,0,0,0,0,0,0,0,5,0,0,0,0,0
kendrho01,2020,1,1,Howie Kendrick,36,WSN,NL,162,245,222,27,59,10,0,5,33,1,0,18,45,4,1,0,4,9
doziehu01,2020,1,1,Hunter Dozier,28,KCR,AL,162,456,391,67,89,11,4,14,33,9,0,61,117,0,3,0,1,8
pencehu01,2020,1,1,Hunter Pence,37,SFG,NL,162,137,127,11,15,1,2,5,15,0,0,8,36,0,2,0,0,6
renfrhu01,2020,1,1,Hunter Renfroe,28,TBR,AL,162,341,301,43,50,12,0,18,51,5,0,33,90,0,5,0,2,7
happia01,2020,1,1,Ian Happ,25,CHC,NL,162,566,489,66,123,26,2,27,67,3,6,69,152,2,5,2,1,4
vargail01,2020,1,1,Ildemaro Vargas,28,TOT,MLB,162,132,124,15,25,3,2,3,9,0,0,6,26,0,0,0,2,4
paredis01,2020,1,1,Isaac Paredes,21,DET,AL,162,265,244,19,54,10,0,3,17,1,0,20,60,0,1,0,0,3
diazis01,2020,1,1,Isan Diaz,24,MIA,NL,162,54,53,7,10,0,0,0,3,0,0,1,17,0,0,0,0,0
kineris01,2020,1,1,Isiah Kiner-Falefa,25,TEX,AL,162,559,514,67,138,12,6,9,31,17,10,37,90,0,5,0,3,14
davisjd01,2020,1,1,J.D. Davis,27,NYM,NL,162,561,472,63,114,22,0,15,49,1,0,71,138,2,15,0,3,18
martijd02,2020,1,1,J.D. Martinez,32,BOS,AL,162,581,518,56,111,36,0,17,65,3,0,53,145,6,5,0,5,14
crawfjp01,2020,1,1,J.P. Crawford,25,SEA,AL,162,568,501,78,125,18,4,7,59,13,6,55,104,0,7,0,5,10
realmjt01,2020,1,1,J.T. Realmuto,29,PHI,NL,162,478,425,76,109,15,0,25,73,9,2,39,118,0,13,0,1,8
peterja01,2020,1,1,Jace Peterson,30,MIL,NL,162,149,115,15,23,3,0,5,13,2,0,32,47,0,0,0,2,1
mayfija01,2020,1,1,Jack Mayfield,29,HOU,AL,162,115,103,12,20,3,0,1,8,0,0,6,33,0,2,2,2,2
bradlja02,2020,1,1,Jackie Bradley Jr.,30,BOS,AL,162,532,470,75,127,26,0,17,54,11,4,54,121,2,5,0,3,6
nottija01,2020,1,1,Jacob Nottingham,25,MIL,NL,162,132,118,19,23,3,0,9,29,0,0,12,46,0,2,0,0,2
stallja01,2020,1,1,Jacob Stallings,30,PIT,NL,162,350,308,33,75,16,0,8,43,1,0,35,96,0,1,4,2,5
jonesja07,2020,1,1,JaCoby Jones,28,DET,AL,162,265,238,43,62,20,0,11,33,3,2,18,80,0,7,0,2,3
jonesja08,2020,1,1,Jahmai Jones,22,LAA,AL,162,17,17,4,7,0,0,0,2,0,0,0,5,0,0,0,0,0
caveja01,2020,1,1,Jake Cave,27,MIN,AL,162,301,275,40,61,8,4,10,36,1,4,15,102,0,11,0,0,1
croneja01,2020,1,1,Jake Cronenworth,26,SDP,NL,162,470,421,62,115,33,6,10,49,7,2,43,82,0,3,0,3,10
fraleja01,2020,1,1,Jake Fraley,25,SEA,AL,162,71,64,7,11,2,2,0,1,4,2,5,25,0,2,0,0,0
lambja01,2020,1,1,Jake Lamb,29,TOT,MLB,162,243,216,19,43,12,0,7,25,1,2,20,61,0,7,0,0,3
marisja01,2020,1,1,Jake Marisnick,29,NYM,NL,162,83,80,10,25,7,0,4,12,0,0,3,24,0,0,0,0,0
nollja01,2020,1,1,Jake Noll,26,WSN,NL,162,42,41,5,14,2,0,0,1,0,0,1,10,0,0,0,0,2
mccanja02,2020,1,1,James McCann,30,CHW,AL,162,272,239,46,66,8,0,15,35,3,2,20,73,0,9,0,4,5
olivaja01,2020,1,1,Jared Oliva,24,PIT,NL,162,39,38,1,7,0,0,0,1,2,0,1,14,0,0,0,0,0
walshja01,2020,1,1,Jared Walsh,26,LAA,AL,162,265,242,43,68,10,4,19,57,1,0,14,42,0,3,0,6,1
dysonja01,2020,1,1,Jarrod Dyson,35,TOT,MLB,162,162,149,21,28,1,0,1,13,12,0,11,30,0,0,2,0,1
castrja01,2020,1,1,Jason Castro,33,TOT,MLB,162,225,198,21,38,20,0,5,22,0,0,27,76,0,0,0,0,5
heywaja01,2020,1,1,Jason Heyward,30,CHC,NL,162,443,367,49,94,15,4,14,53,5,0,67,94,2,5,0,4,4
kipnija01,2020,1,1,Jason Kipnis,33,CHC,NL,162,331,283,33,66,18,2,8,38,3,0,41,97,0,3,0,4,3
martija03,2020,1,1,Jason Martin,24,PIT,NL,162,27,23,5,1,0,0,0,1,0,0,4,9,0,0,0,0,0
baezja01,2020,1,1,Javier Baez,27,CHC,NL,162,576,539,66,111,22,2,19,59,7,0,23,177,0,9,0,5,18
bruceja01,2020,1,1,Jay Bruce,33,PHI,NL,162,252,233,27,47,10,4,13,33,1,0,18,60,2,1,0,0,3
davisja03,2020,1,1,Jaylin Davis,25,SFG,NL,162,29,29,5,5,0,0,2,3,0,0,0,13,0,0,0,0,0
chishja01,2020,1,1,Jazz Chisholm,22,MIA,NL,162,152,138,19,24,3,2,5,15,4,4,12,45,0,2,0,0,1
segurje01,2020,1,1,Jean Segura,30,PHI,NL,162,532,472,67,121,14,4,17,60,5,4,54,115,4,3,2,1,14
gyorkje01,2020,1,1,Jedd Gyorko,31,MIL,NL,162,331,289,45,70,8,0,20,40,1,0,35,91,2,3,0,4,9
mathije01,2020,1,1,Jeff Mathis,37,TEX,AL,162,167,152,15,26,3,2,7,21,2,0,13,56,0,0,0,2,1
mcneije01,2020,1,1,Jeff McNeil,28,NYM,NL,162,512,450,48,133,32,0,11,56,1,4,48,72,4,7,0,7,8
candeje01,2020,1,1,Jeimer Candelario,26,DET,AL,162,505,453,70,128,26,6,17,68,3,2,48,122,0,3,0,1,8
winkeje01,2020,1,1,Jesse Winker,26,CIN,NL,162,448,371,63,92,17,0,26,55,3,0,63,113,0,11,0,3,8
aguilje01,2020,1,1,Jesus Aguilar,30,MIA,NL,162,529,463,73,123,24,0,19,78,1,2,54,105,0,3,0,9,12
sanchje02,2020,1,1,Jesus Sanchez,22,MIA,NL,162,71,62,3,5,2,0,0,5,0,0,9,25,0,0,0,0,2
choiji01,2020,1,1,Ji-Man Choi,29,TBR,AL,162,355,302,39,69,28,0,8,39,1,0,46,88,4,1,0,6,3
adelljo01,2020,1,1,Jo Adell,21,LAA,AL,162,323,301,25,52,10,0,8,20,1,2,19,125,0,3,0,0,7
pederjo01,2020,1,1,Joc Pederson,28,LAD,NL,162,338,298,49,58,10,0,16,39,3,0,27,84,0,11,0,0,11
hudsojo03,2020,1,1,Joe Hudson,29,SEA,AL,162,49,42,1,8,0,0,0,1,0,0,5,12,0,0,2,0,0
mccarjo04,2020,1,1,Joe McCarthy,26,SFG,NL,162,25,25,1,1,0,0,0,1,0,0,0,11,0,0,0,0,0
panikjo01,2020,1,1,Joe Panik,29,TOR,AL,162,345,297,43,66,14,0,4,21,1,0,45,70,0,3,0,0,9
bartjo01,2020,1,1,Joey Bart,23,SFG,NL,162,272,251,36,58,12,4,1,19,1,0,10,95,0,11,0,0,3
gallojo01,2020,1,1,Joey Gallo,26,TEX,AL,162,554,477,57,90,20,0,23,63,5,0,67,184,4,9,0,1,2
rickajo01,2020,1,1,Joey Rickard,29,SFG,NL,162,15,13,2,1,0,0,0,0,0,0,2,3,0,0,0,0,0
vottojo01,2020,1,1,Joey Votto,36,CIN,NL,162,546,461,75,104,20,0,25,55,1,0,83,111,2,1,0,1,12
wendljo01,2020,1,1,Joey Wendle,30,TBR,AL,162,451,410,57,112,21,4,10,43,17,4,27,91,2,11,0,3,4
camarjo01,2020,1,1,Johan Camargo,26,ATL,NL,162,311,291,38,59,18,0,10,24,1,0,17,84,0,3,0,0,3
nogowjo01,2020,1,1,John Nogowski,27,STL,NL,162,10,10,0,2,0,0,0,0,0,0,0,3,0,0,0,0,0
murphjr01,2020,1,1,John Ryan Murphy,29,PIT,NL,162,154,142,15,26,5,0,1,7,0,0,10,63,0,0,2,0,3
bertijo01,2020,1,1,Jon Berti,30,MIA,NL,162,365,300,49,75,13,0,6,35,19,4,52,91,0,7,4,2,3
jayjo02,2020,1,1,Jon Jay,35,ARI,NL,162,140,124,13,21,3,0,3,11,0,0,8,31,0,2,0,6,1
heimjo01,2020,1,1,Jonah Heim,25,OAK,AL,162,100,92,12,20,1,0,1,12,0,0,8,11,0,0,0,0,2
arauzjo01,2020,1,1,Jonathan Arauz,21,BOS,AL,162,196,177,20,43,5,0,3,22,0,0,19,51,0,0,0,0,1
davisjo05,2020,1,1,Jonathan Davis,28,TOR,AL,162,83,68,10,17,5,0,2,14,2,0,7,26,0,4,0,2,2
schoojo01,2020,1,1,Jonathan Schoop,28,DET,AL,162,434,396,61,106,11,4,18,54,1,0,23,98,0,9,0,4,18
villajo01,2020,1,1,Jonathan Villar,29,TOT,MLB,162,507,453,36,104,14,0,7,40,33,10,46,132,2,1,2,5,6
luplojo01,2020,1,1,Jordan Luplow,26,CLE,AL,162,225,194,21,38,12,2,5,20,0,2,27,48,0,2,0,2,7
mercejo03,2020,1,1,Jordy Mercer,33,TOT,AL,162,54,49,5,10,0,0,0,1,0,0,5,7,0,0,0,0,2
alfarjo01,2020,1,1,Jorge Alfaro,27,MIA,NL,162,245,226,29,51,6,0,7,37,5,0,12,83,2,7,0,0,5
bonifjo01,2020,1,1,Jorge Bonifacio,27,DET,AL,162,230,210,21,46,8,0,5,38,0,0,14,63,0,4,0,2,3
mateojo01,2020,1,1,Jorge Mateo,25,SDP,NL,162,69,64,9,11,6,0,0,5,2,0,3,25,0,0,2,0,2
onajo01,2020,1,1,Jorge Oña,23,SDP,NL,162,37,30,7,7,2,0,2,5,0,0,5,16,0,2,0,0,0
polanjo01,2020,1,1,Jorge Polanco,26,MIN,AL,162,554,509,55,128,20,0,11,49,9,4,35,96,0,3,4,3,16
solerjo01,2020,1,1,Jorge Soler,28,KCR,AL,162,426,368,43,83,19,0,18,56,1,0,45,140,0,7,0,2,8
abreujo02,2020,1,1,José Abreu,33,CHW,AL,162,642,586,99,175,34,0,41,133,1,0,46,148,2,7,0,3,22
garcijo02,2020,1,1,José García,22,CIN,NL,162,167,162,11,32,1,0,1,7,2,2,5,60,0,0,0,0,3
iglesjo01,2020,1,1,José Iglesias,30,BAL,AL,162,368,345,40,119,37,0,8,55,1,0,12,51,0,9,0,2,3
altuvjo01,2020,1,1,Jose Altuve,30,HOU,AL,162,515,469,75,103,22,0,13,46,5,6,42,102,0,3,0,1,12
bricejo01,2020,1,1,Jose Briceno,27,LAA,AL,162,15,13,0,3,0,0,0,0,0,0,2,3,0,0,0,0,0
marmojo01,2020,1,1,Jose Marmolejos,27,SEA,AL,162,282,261,30,54,10,0,13,42,1,2,18,77,0,3,0,0,5
martijo08,2020,1,1,Jose Martinez,31,TOT,MLB,162,240,215,25,41,10,0,5,25,0,0,24,65,2,1,0,0,13
osunajo01,2020,1,1,Jose Osuna,27,PIT,NL,162,201,190,16,39,7,0,9,26,0,2,11,41,0,0,0,0,3
perazjo01,2020,1,1,Jose Peraza,26,BOS,AL,162,294,270,32,61,18,2,4,22,3,2,15,50,0,7,0,2,7
ramirjo01,2020,1,1,Jose Ramirez,27,CLE,AL,162,622,540,103,151,36,2,37,104,21,6,72,115,0,7,0,3,6
trevijo01,2020,1,1,Jose Trevino,27,TEX,AL,162,203,186,24,45,17,0,5,22,0,0,9,39,0,2,2,4,3
odomjo01,2020,1,1,Joseph Odom,28,SEA,AL,162,108,96,6,14,1,0,1,6,0,0,10,45,0,0,2,0,2
belljo02,2020,1,1,Josh Bell,27,PIT,NL,162,546,479,55,108,10,0,19,55,1,0,53,143,8,5,0,9,8
donaljo02,2020,1,1,Josh Donaldson,34,MIN,AL,162,250,203,33,45,6,0,13,27,1,0,40,60,2,5,0,2,9
fuentjo01,2020,1,1,Josh Fuentes,27,COL,NL,162,252,237,33,69,16,0,5,39,3,0,8,70,0,3,0,4,3
harrijo05,2020,1,1,Josh Harrison,32,WSN,NL,162,223,196,27,52,6,0,7,32,2,4,15,34,0,8,0,4,5
naylojo01,2020,1,1,Josh Naylor,23,TOT,MLB,162,255,236,31,57,8,2,3,17,3,0,14,36,0,3,0,0,5
phegljo01,2020,1,1,Josh Phegley,32,CHC,NL,162,44,39,9,4,0,0,2,5,0,0,3,8,0,2,0,0,0
reddijo01,2020,1,1,Josh Reddick,33,HOU,AL,162,515,461,55,111,26,2,11,56,3,0,48,108,0,1,0,3,12
rojasjo01,2020,1,1,Josh Rojas,26,ARI,NL,162,172,151,22,28,1,0,1,7,2,2,17,40,0,0,0,4,3
vanmejo01,2020,1,1,Josh VanMeter,25,TOT,NL,162,194,173,22,25,7,0,5,16,2,0,17,57,0,4,0,0,1
riddljt01,2020,1,1,JT Riddle,28,PIT,NL,162,169,162,19,26,5,0,3,5,2,0,7,34,0,0,0,0,1
sotoju01,2020,1,1,Juan Soto,21,WSN,NL,162,480,387,88,125,31,0,29,83,13,4,89,78,24,3,0,1,4
profaju01,2020,1,1,Jurickson Profar,27,SDP,NL,162,495,441,66,118,15,0,17,60,15,2,38,79,0,9,2,5,4
smoakju01,2020,1,1,Justin Smoak,33,TOT,NL,162,323,291,35,54,16,0,12,36,1,0,25,99,0,5,0,2,9
turneju01,2020,1,1,Justin Turner,35,LAD,NL,162,429,371,61,108,21,2,10,54,3,0,43,72,0,13,0,2,6
uptonju01,2020,1,1,Justin Upton,32,LAA,AL,162,407,362,48,75,13,0,20,52,1,4,28,105,0,15,0,2,13
williju02,2020,1,1,Justin Williams,24,STL,NL,162,15,13,0,3,0,0,0,0,0,0,2,5,0,0,0,0,0
hayeske01,2020,1,1,Ke'Bryan Hayes,23,PIT,NL,162,233,208,39,72,16,4,11,27,2,0,22,51,4,3,0,0,5
ruizke01,2020,1,1,Keibert Ruiz,21,LAD,NL,162,20,20,2,5,0,0,2,2,0,0,0,7,0,0,0,0,0
gutieke01,2020,1,1,Kelvin Gutierrez,25,KCR,AL,162,29,23,1,3,0,0,0,1,0,0,6,13,0,0,0,0,0
hiurake01,2020,1,1,Keston Hiura,23,MIL,NL,162,603,534,72,114,12,0,29,76,7,4,41,198,4,23,0,5,16
marteke01,2020,1,1,Ketel Marte,26,ARI,NL,162,478,441,48,121,31,2,7,43,3,0,21,64,0,9,0,7,6
smithke04,2020,1,1,Kevan Smith,32,TBR,AL,162,93,78,8,19,7,0,2,18,0,0,11,26,0,2,0,0,2
cronke01,2020,1,1,Kevin Cron,27,ARI,NL,162,49,42,1,2,0,0,0,1,0,0,3,16,0,4,0,0,0
kiermke01,2020,1,1,Kevin Kiermaier,30,TBR,AL,162,390,341,40,74,13,6,8,52,17,2,46,102,2,3,0,0,5
newmake01,2020,1,1,Kevin Newman,26,PIT,NL,162,421,381,33,85,13,0,4,28,1,2,31,61,0,3,2,4,3
pillake01,2020,1,1,Kevin Pillar,31,TOT,MLB,162,546,505,79,140,28,6,15,63,11,4,35,107,2,5,0,1,10
plaweke01,2020,1,1,Kevin Plawecki,29,BOS,AL,162,218,201,20,64,12,2,3,38,2,0,13,38,0,4,0,0,9
daviskh01,2020,1,1,Khris Davis,32,OAK,AL,162,243,210,23,43,12,0,5,25,1,0,24,63,0,7,0,2,11
calhoko01,2020,1,1,Kole Calhoun,32,ARI,NL,162,559,472,81,106,22,0,35,91,3,2,65,126,0,13,0,9,14
wongko01,2020,1,1,Kolten Wong,29,STL,NL,162,510,446,62,115,12,4,5,42,11,4,48,84,2,9,4,3,4
bryankr01,2020,1,1,Kris Bryant,28,CHC,NL,162,360,321,47,67,13,2,10,29,1,0,30,97,0,9,0,0,3
suzukku01,2020,1,1,Kurt Suzuki,36,WSN,NL,162,316,274,36,71,18,0,6,40,3,0,27,53,0,9,0,6,9
farmeky01,2020,1,1,Kyle Farmer,29,CIN,NL,162,172,157,12,40,7,0,1,11,2,0,13,34,0,2,0,0,1
garliky01,2020,1,1,Kyle Garlick,28,PHI,NL,162,56,53,1,8,2,0,0,7,0,0,1,17,0,2,0,0,0
higasky01,2020,1,1,Kyle Higashioka,30,NYY,AL,162,118,116,16,28,3,0,9,22,0,0,2,28,0,0,0,0,0
lewisky01,2020,1,1,Kyle Lewis,24,SEA,AL,162,593,510,86,130,10,0,25,68,11,2,77,170,0,1,0,5,12
schwaky01,2020,1,1,Kyle Schwarber,27,CHC,NL,162,549,472,71,92,16,0,25,59,3,0,69,158,2,7,0,1,8
seageky01,2020,1,1,Kyle Seager,32,SEA,AL,162,608,506,83,120,28,0,21,92,11,0,74,94,6,15,0,13,10
tuckeky01,2020,1,1,Kyle Tucker,23,HOU,AL,162,559,510,77,132,28,12,21,95,17,2,45,118,4,1,0,3,6
wadela01,2020,1,1,LaMonte Wade Jr,26,MIN,AL,162,108,96,8,22,7,0,1,4,2,2,10,23,0,2,0,0,0
thomala02,2020,1,1,Lane Thomas,24,STL,NL,162,98,88,12,12,5,0,3,6,0,0,10,31,0,0,0,0,2
taverle01,2020,1,1,Leody Taveras,21,TEX,AL,162,328,292,47,66,14,2,10,18,17,0,33,101,0,1,2,0,1
garcile02,2020,1,1,Leury Garcia,29,CHW,AL,162,154,144,15,38,3,0,7,19,0,0,10,25,0,0,0,0,1
diazle01,2020,1,1,Lewin Diaz,23,MIA,NL,162,100,94,6,16,5,0,1,8,0,0,6,29,0,0,0,0,4
brinsle01,2020,1,1,Lewis Brinson,26,MIA,NL,162,274,257,34,58,14,0,7,29,9,0,16,73,0,1,0,0,5
forsylo01,2020,1,1,Logan Forsythe,33,MIA,NL,162,93,84,6,11,3,0,2,6,0,0,9,28,0,0,0,0,0
morrilo01,2020,1,1,Logan Morrison,32,MIL,NL,162,69,62,7,9,2,0,2,5,0,0,7,19,0,0,0,0,0
cainlo01,2020,1,1,Lorenzo Cain,34,MIL,NL,162,51,44,9,14,2,0,0,5,0,0,7,6,2,0,0,0,2
gurrilo01,2020,1,1,Lourdes Gurriel Jr.,26,TOR,AL,162,549,506,67,148,32,0,25,77,7,2,37,122,0,1,0,5,16
basablu01,2020,1,1,Luis Alexander Basabe,23,SFG,NL,162,44,35,11,6,0,0,0,3,4,0,9,12,0,0,0,0,0
arraelu01,2020,1,1,Luis Arraez,23,MIN,AL,162,296,272,38,83,20,0,2,32,1,0,21,36,0,1,0,2,5
campulu01,2020,1,1,Luis Campusano,21,SDP,NL,162,10,8,4,2,0,0,2,2,0,0,0,5,0,2,0,0,0
garcilu04,2020,1,1,Luis Garcia,20,WSN,NL,162,341,325,43,86,14,0,6,39,3,2,15,74,0,1,0,0,7
gonzalu03,2020,1,1,Luis Gonzalez,24,CHW,AL,162,5,3,2,0,0,0,0,0,0,0,0,2,0,2,0,0,0
guilllu01,2020,1,1,Luis Guillorme,25,NYM,NL,162,167,142,15,44,13,0,1,21,4,0,23,42,0,0,0,2,7
rengilu01,2020,1,1,Luis Rengifo,23,LAA,AL,162,260,223,29,37,4,0,3,11,7,2,32,64,0,1,4,0,5
roberlu01,2020,1,1,Luis Robert,22,CHW,AL,162,556,495,77,114,20,0,25,73,19,4,49,172,0,3,0,5,10
torrelu01,2020,1,1,Luis Torrens,24,TOT,MLB,162,191,172,14,43,11,0,3,16,0,0,17,39,0,0,2,0,3
uriaslu01,2020,1,1,Luis Urias,23,MIL,NL,162,294,266,28,63,10,2,2,28,5,4,25,78,0,3,0,0,9
voitlu01,2020,1,1,Luke Voit,29,NYY,AL,162,573,520,94,139,14,0,47,115,1,0,43,135,0,7,0,3,10
sierrma01,2020,1,1,Magneuris Sierra,24,MIA,NL,162,130,110,19,27,7,2,1,17,8,2,12,24,0,2,4,2,0
francma02,2020,1,1,Maikel Franco,27,KCR,AL,162,595,544,58,146,36,0,19,88,3,0,41,104,2,1,0,9,10
smithma05,2020,1,1,Mallex Smith,27,SEA,AL,162,115,109,6,16,5,0,1,8,4,0,6,31,0,0,0,0,2
machama01,2020,1,1,Manny Machado,27,SDP,NL,162,622,550,101,159,28,2,35,106,13,6,62,103,8,1,0,9,20
pinama01,2020,1,1,Manny Pina,33,MIL,NL,162,110,96,10,22,3,0,5,12,0,0,8,27,0,6,0,0,0
margoma01,2020,1,1,Manuel Margot,25,TBR,AL,162,390,355,46,92,21,0,4,30,25,8,32,68,0,1,0,2,1
ozunama01,2020,1,1,Marcell Ozuna,29,ATL,NL,162,654,564,89,178,33,0,39,125,1,1,86,150,6,1,0,3,8
semiema01,2020,1,1,Marcus Semien,29,OAK,AL,162,578,517,68,115,22,2,17,57,9,0,59,127,0,1,0,1,8
canhama01,2020,1,1,Mark Canha,31,OAK,AL,162,595,480,76,116,28,4,13,78,9,0,83,136,2,21,0,11,6
mathima01,2020,1,1,Mark Mathias,25,MIL,NL,162,88,87,6,23,7,0,0,10,2,0,1,18,0,0,0,0,0
paytoma01,2020,1,1,Mark Payton,28,CIN,NL,162,49,44,1,8,2,0,0,1,2,0,5,12,0,0,0,0,2
maldoma01,2020,1,1,Martin Maldonado,33,HOU,AL,162,404,337,46,73,11,0,14,56,3,0,60,121,0,3,4,0,5
gonzama01,2020,1,1,Marwin Gonzalez,31,MIN,AL,162,488,430,40,92,11,0,13,54,1,0,42,105,0,7,0,9,4
adamsma01,2020,1,1,Matt Adams,31,ATL,NL,162,125,119,11,23,5,0,5,20,0,0,6,42,0,0,0,0,6
beatyma01,2020,1,1,Matt Beaty,27,LAD,NL,162,132,122,19,27,3,0,5,13,0,0,6,34,0,4,0,0,6
carpema01,2020,1,1,Matt Carpenter,34,STL,NL,162,414,349,52,67,15,0,10,56,1,0,52,115,2,13,0,0,3
chapmma01,2020,1,1,Matt Chapman,27,OAK,AL,162,372,345,52,79,21,4,22,57,1,0,22,125,0,3,0,2,5
davidma02,2020,1,1,Matt Davidson,29,CIN,NL,162,115,105,8,18,3,0,7,24,0,0,10,31,0,0,0,0,4
kempma01,2020,1,1,Matt Kemp,35,COL,NL,162,323,287,43,68,8,0,14,48,3,0,35,97,2,1,0,0,11
olsonma02,2020,1,1,Matt Olson,26,OAK,AL,162,600,519,68,104,12,2,31,96,3,0,77,182,4,3,0,1,6
reynoma03,2020,1,1,Matt Reynolds,29,KCR,AL,162,27,27,3,1,0,0,0,1,0,0,0,15,0,0,0,0,0
thaisma01,2020,1,1,Matt Thaiss,25,LAA,AL,162,61,52,7,8,0,0,2,3,0,0,9,19,0,0,0,0,2
wietema01,2020,1,1,Matt Wieters,34,STL,NL,162,100,86,8,18,3,0,1,10,0,0,8,25,0,4,2,0,2
joycema01,2020,1,1,Matthew Joyce,35,MIA,NL,162,363,314,39,77,11,0,6,35,3,0,46,99,0,1,0,2,7
dubonma01,2020,1,1,Mauricio Dubon,25,SFG,NL,162,434,386,51,102,11,2,10,46,5,6,37,92,0,3,2,4,10
keplema01,2020,1,1,Max Kepler,27,MIN,AL,162,480,421,64,95,21,0,21,55,7,0,51,94,0,5,0,3,4
muncyma01,2020,1,1,Max Muncy,29,LAD,NL,162,608,506,85,100,12,0,27,66,3,0,88,148,4,9,0,5,8
schroma01,2020,1,1,Max Schrock,25,STL,NL,162,42,41,3,8,0,0,2,3,0,0,1,14,0,0,0,0,0
stassma01,2020,1,1,Max Stassi,29,LAA,AL,162,257,222,29,59,6,0,15,45,1,0,26,54,0,3,0,6,11
vilorme01,2020,1,1,Meibrys Viloria,23,KCR,AL,162,59,52,3,10,2,0,0,1,0,0,5,21,0,2,0,0,0
taylomi02,2020,1,1,Michael A. Taylor,29,WSN,NL,162,243,224,27,45,14,0,11,37,1,0,16,65,0,3,0,0,5
brantmi02,2020,1,1,Michael Brantley,33,HOU,AL,162,458,415,57,119,33,0,12,53,5,0,41,77,0,1,0,1,8
chavimi01,2020,1,1,Michael Chavis,24,BOS,AL,162,387,356,40,76,13,4,12,46,7,0,22,118,0,5,0,4,13
confomi01,2020,1,1,Michael Conforto,27,NYM,NL,162,571,498,92,151,28,0,21,73,7,6,57,141,0,15,0,1,14
hermomi01,2020,1,1,Michael Hermosillo,25,LAA,AL,162,25,21,1,5,0,0,0,5,2,0,2,3,0,0,0,2,0
lorenmi01,2020,1,1,Michael Lorenzen,28,CIN,NL,162,2,0,4,0,0,0,0,0,0,0,0,0,0,2,0,0,0
perezmi03,2020,1,1,Michael Perez,27,TBR,AL,162,228,206,19,36,8,0,3,30,0,0,18,65,0,2,0,2,7
moniami01,2020,1,1,Mickey Moniak,22,PHI,NL,162,44,35,7,8,0,0,0,1,0,0,9,14,0,0,0,0,0
andujmi01,2020,1,1,Miguel Andujar,25,NYY,AL,162,159,151,13,36,5,2,3,13,0,0,8,25,0,0,0,0,3
cabremi01,2020,1,1,Miguel Cabrera,37,DET,AL,162,566,501,68,123,12,0,23,81,3,0,57,128,2,3,0,5,8
rojasmi02,2020,1,1,Miguel Rojas,31,MIA,NL,162,350,308,47,89,22,2,10,47,11,2,37,52,4,5,0,0,3
sanomi01,2020,1,1,Miguel Sano,27,MIN,AL,162,502,454,72,94,28,0,29,60,1,0,44,203,2,3,0,1,8
brossmi01,2020,1,1,Mike Brosseau,26,TBR,AL,162,240,211,29,61,12,2,11,29,4,0,20,73,0,7,0,2,3
fordmi01,2020,1,1,Mike Ford,27,NYY,AL,162,206,183,14,28,9,0,5,26,0,0,17,42,0,4,0,2,9
freemmi01,2020,1,1,Mike Freeman,32,CLE,AL,162,105,93,12,22,7,0,1,8,0,0,8,27,0,2,0,2,0
moustmi01,2020,1,1,Mike Moustakas,31,CIN,NL,162,399,344,34,78,21,0,18,62,3,0,42,90,2,9,0,4,11
tauchmi01,2020,1,1,Mike Tauchman,29,NYY,AL,162,272,235,42,56,14,0,1,33,13,0,32,65,6,3,0,2,7
troutmi01,2020,1,1,Mike Trout,28,LAA,AL,162,590,495,94,133,22,4,37,103,3,2,79,139,8,7,0,9,4
yastrmi01,2020,1,1,Mike Yastrzemski,29,SFG,NL,162,551,474,89,134,32,8,23,81,5,2,69,136,4,7,0,1,6
zuninmi01,2020,1,1,Mike Zunino,29,TBR,AL,162,206,185,20,30,9,0,9,24,0,0,15,84,0,6,0,0,1
garvemi01,2020,1,1,Mitch Garver,29,MIN,AL,162,198,177,20,31,3,0,5,14,0,0,17,83,0,2,0,2,3
morelmi01,2020,1,1,Mitch Moreland,34,TOT,MLB,162,372,333,52,85,21,0,22,65,1,0,36,81,4,3,0,0,1
harrimo01,2020,1,1,Monte Harrison,24,MIA,NL,162,125,115,19,21,3,0,3,8,12,0,10,58,0,0,0,0,0
bettsmo01,2020,1,1,Mookie Betts,27,LAD,NL,162,603,538,106,150,22,2,35,90,21,4,57,104,2,5,0,3,6
strawmy01,2020,1,1,Myles Straw,25,HOU,AL,162,211,200,20,42,9,0,1,20,12,4,11,54,0,0,0,0,1
lowena01,2020,1,1,Nate Lowe,24,TBR,AL,162,186,165,24,37,5,0,9,26,2,0,21,65,4,0,0,0,5
orfna01,2020,1,1,Nate Orf,30,OAK,AL,162,17,17,2,1,0,0,0,0,0,0,0,3,0,0,0,0,0
walkene01,2020,1,1,Neil Walker,34,PHI,NL,162,100,94,12,22,7,0,1,8,0,0,4,31,0,0,0,2,0
cruzne02,2020,1,1,Nelson Cruz,39,MIN,AL,162,524,456,77,131,16,0,35,76,1,0,58,140,10,9,0,1,18
casteni01,2020,1,1,Nicholas Castellanos,28,CIN,NL,162,593,534,86,120,26,4,31,80,1,4,47,166,2,9,0,3,12
ahmedni01,2020,1,1,Nick Ahmed,30,ARI,NL,162,532,486,69,125,24,2,13,68,9,0,44,117,0,1,0,1,8
heathni01,2020,1,1,Nick Heath,26,KCR,AL,162,44,33,5,6,2,0,0,7,4,4,5,14,0,2,2,0,0
madrini01,2020,1,1,Nick Madrigal,23,CHW,AL,162,267,250,21,80,8,0,1,27,5,2,12,26,0,5,0,0,11
markani01,2020,1,1,Nick Markakis,36,ATL,NL,162,345,317,37,78,32,0,4,37,1,2,25,62,0,3,0,0,11
senzeni01,2020,1,1,Nick Senzel,25,CIN,NL,162,191,172,20,33,13,0,5,20,4,2,15,39,0,0,0,2,5
solakni01,2020,1,1,Nick Solak,25,TEX,AL,162,571,512,66,133,24,0,7,57,15,2,45,111,0,5,0,9,14
delmoni01,2020,1,1,Nicky Delmonico,27,CHW,AL,162,54,49,1,8,0,0,0,7,0,0,5,7,0,0,0,0,4
lopezni01,2020,1,1,Nicky Lopez,25,KCR,AL,162,470,415,40,85,19,0,4,35,1,10,43,104,0,5,6,1,4
hoernni01,2020,1,1,Nico Hoerner,23,CHC,NL,162,309,267,44,59,10,0,2,32,7,4,29,62,0,7,0,4,7
goodrni01,2020,1,1,Niko Goodrum,28,DET,AL,162,439,389,39,74,17,2,12,49,15,2,43,158,0,1,0,6,10
arenano01,2020,1,1,Nolan Arenado,29,COL,NL,162,492,444,56,110,21,0,19,62,1,0,38,63,6,1,0,9,16
mazarno01,2020,1,1,Nomar Mazara,25,CHW,AL,162,365,332,33,75,15,0,4,37,1,2,26,105,0,7,0,0,1
narvaom01,2020,1,1,Omar Narvaez,28,MIL,NL,162,309,267,22,49,10,0,6,26,1,0,37,92,0,5,0,0,3
arciaor01,2020,1,1,Orlando Arcia,25,MIL,NL,162,463,422,53,107,23,2,12,49,5,0,35,85,0,3,0,3,22
hernaos01,2020,1,1,Oscar Hernandez,26,KCR,AL,162,10,10,2,4,0,0,0,0,0,0,0,3,0,0,0,0,2
mercaos01,2020,1,1,Oscar Mercado,25,CLE,AL,162,228,210,17,30,4,0,3,16,6,0,14,65,0,0,2,2,1
albieoz01,2020,1,1,Ozzie Albies,23,ATL,NL,162,304,286,48,75,12,0,14,44,7,2,15,74,0,3,0,0,1
sandopa01,2020,1,1,Pablo Sandoval,33,TOT,NL,162,230,206,15,44,4,0,3,16,0,0,20,49,0,2,0,2,7
valaipa01,2020,1,1,Pat Valaika,27,BAL,AL,162,368,343,56,91,11,0,18,39,1,4,22,85,0,1,2,0,7
wisdopa01,2020,1,1,Patrick Wisdom,28,CHC,NL,162,5,5,0,0,0,0,0,0,0,0,0,0,0,0,0,0,0
dejonpa01,2020,1,1,Paul DeJong,26,STL,NL,162,426,374,43,91,15,0,8,58,3,0,41,120,0,3,0,8,10
goldspa01,2020,1,1,Paul Goldschmidt,32,STL,NL,162,566,475,74,137,30,0,15,53,3,0,83,112,0,3,0,3,10
smithpa04,2020,1,1,Pavin Smith,24,ARI,NL,162,108,92,16,24,1,2,3,10,2,0,12,21,0,0,0,4,0
severpe01,2020,1,1,Pedro Severino,26,BAL,AL,162,436,392,43,96,13,2,12,50,3,0,39,100,0,3,2,0,8
alonspe01,2020,1,1,Pete Alonso,25,NYM,NL,162,586,513,74,117,16,0,35,81,3,0,57,149,8,13,0,3,10
ervinph01,2020,1,1,Phil Ervin,27,TOT,MLB,162,218,185,24,30,8,0,1,12,2,0,31,54,0,2,0,0,5
gosseph01,2020,1,1,Phil Gosselin,31,PHI,NL,162,250,225,33,55,12,0,7,29,1,0,24,66,2,1,0,0,7
evansph01,2020,1,1,Phillip Evans,27,PIT,NL,162,110,96,14,32,5,0,3,20,0,2,12,19,0,2,0,0,2
deverra01,2020,1,1,Rafael Devers,23,BOS,AL,162,608,564,77,144,36,2,25,98,1,0,36,162,0,7,0,1,18
marchra01,2020,1,1,Rafael Marchan,21,PHI,NL,162,22,20,6,9,0,0,2,6,0,0,2,5,0,0,0,0,0
tapiara01,2020,1,1,Raimel Tapia,26,COL,NL,162,505,451,62,136,20,4,5,44,17,4,36,100,0,5,2,7,8
laurera01,2020,1,1,Ramon Laureano,25,OAK,AL,162,544,455,65,98,20,2,15,61,5,2,57,141,0,25,0,7,16
uriasra01,2020,1,1,Ramon Urias,26,BAL,AL,162,66,61,7,20,4,0,2,7,0,0,5,15,0,0,0,0,2
grichra01,2020,1,1,Randal Grichuk,28,TOR,AL,162,566,525,88,139,22,0,27,81,3,2,35,124,2,1,0,5,12
arozara01,2020,1,1,Randy Arozarena,25,TBR,AL,162,186,159,34,43,5,0,15,26,8,0,15,53,0,10,0,2,5
ravelra01,2020,1,1,Rangel Ravelo,28,STL,NL,162,100,86,12,16,3,0,3,14,0,0,10,17,0,0,0,4,0
mcguire01,2020,1,1,Reese McGuire,25,TOR,AL,162,110,100,6,10,1,0,3,4,0,0,2,27,0,0,8,0,2
nunezre01,2020,1,1,Renato Nunez,26,BAL,AL,162,529,477,69,119,24,0,27,72,1,0,42,153,0,7,0,3,10
riverre01,2020,1,1,Rene Rivera,36,NYM,NL,162,10,10,0,2,0,0,0,0,0,0,0,7,0,0,0,0,0
hoskirh01,2020,1,1,Rhys Hoskins,27,PHI,NL,162,453,376,79,90,21,0,22,61,3,0,65,107,0,11,0,1,10
ruizri01,2020,1,1,Rio Ruiz,26,BAL,AL,162,500,452,60,100,26,0,21,74,3,4,42,115,2,1,2,3,10
brantro01,2020,1,1,Rob Brantly,30,SFG,NL,162,7,7,0,0,0,0,0,0,0,0,0,0,0,0,0,0,0
refsnro01,2020,1,1,Rob Refsnyder,29,TEX,AL,162,83,74,10,15,3,0,0,4,0,0,5,26,0,2,0,2,0
grossro01,2020,1,1,Robbie Grossman,30,OAK,AL,162,470,409,56,97,27,4,18,55,17,2,49,98,4,11,0,1,4
perezro02,2020,1,1,Roberto Perez,31,CLE,AL,162,270,239,18,42,6,0,3,15,1,0,26,89,0,5,0,0,5
canoro01,2020,1,1,Robinson Cano,37,NYM,NL,162,446,415,55,124,21,0,22,69,1,0,25,69,2,3,0,3,16
chiriro01,2020,1,1,Robinson Chirinos,36,TOT,MLB,162,201,182,12,31,7,0,3,18,0,0,15,51,0,2,0,2,11
quinnro01,2020,1,1,Roman Quinn,27,PHI,NL,162,284,263,34,56,8,2,5,20,25,0,14,91,0,5,2,0,1
acunaro01,2020,1,1,Ronald Acuna Jr.,22,ATL,NL,162,495,401,102,98,25,0,31,68,17,2,84,143,4,9,0,1,8
guzmaro01,2020,1,1,Ronald Guzman,25,TEX,AL,162,211,192,24,46,3,2,9,22,2,0,17,58,0,2,0,0,1
torrero01,2020,1,1,Ronald Torreyes,27,PHI,NL,162,17,17,2,3,2,0,0,0,0,0,0,1,0,0,0,0,2
odorro01,2020,1,1,Rougned Odor,26,TEX,AL,162,363,336,37,59,11,0,22,67,1,2,20,111,0,3,0,4,5
tellero01,2020,1,1,Rowdy Tellez,25,TOR,AL,162,311,277,46,75,12,0,18,52,1,2,27,54,2,3,0,4,3
braunry02,2020,1,1,Ryan Braun,36,MIL,NL,162,345,315,35,72,16,2,18,59,3,0,19,70,0,5,0,2,13
cordery01,2020,1,1,Ryan Cordell,28,NYM,NL,162,20,20,0,3,0,0,0,0,2,0,0,7,0,0,0,0,0
goinsry01,2020,1,1,Ryan Goins,32,CHW,AL,162,25,23,9,1,0,0,0,1,0,0,2,3,0,0,0,0,0
jeffery01,2020,1,1,Ryan Jeffers,23,MIN,AL,162,152,136,13,36,1,0,7,17,0,0,12,45,0,4,0,0,1
lavarry01,2020,1,1,Ryan Lavarnway,32,MIA,NL,162,27,27,1,9,0,0,0,1,0,0,0,5,0,0,0,0,0
mcbrory01,2020,1,1,Ryan McBroom,28,KCR,AL,162,208,197,20,48,7,0,13,24,0,0,11,70,0,0,0,0,5
mcmahry01,2020,1,1,Ryan McMahon,25,COL,NL,162,473,422,56,91,15,2,20,61,1,2,43,154,0,5,0,3,10
mountry01,2020,1,1,Ryan Mountcastle,23,BAL,AL,162,343,309,31,96,12,0,12,53,1,2,27,76,0,3,0,4,5
ohearry01,2020,1,1,Ryan O'Hearn,26,KCR,AL,162,323,279,21,56,14,0,6,42,1,0,41,89,4,1,0,2,11
healyry01,2020,1,1,Ryon Healy,28,MIL,NL,162,17,17,0,3,0,0,0,0,0,0,0,5,0,0,0,0,0
perezsa02,2020,1,1,Salvador Perez,30,KCR,AL,162,382,363,52,114,27,0,24,71,3,0,12,90,0,5,0,2,1
haggesa01,2020,1,1,Sam Haggerty,26,SEA,AL,162,132,122,17,31,9,0,3,15,8,0,10,38,0,0,0,0,0
hillisa01,2020,1,1,Sam Hilliard,26,COL,NL,162,279,256,32,54,6,4,13,25,7,0,22,97,0,1,0,0,1
huffsa01,2020,1,1,Sam Huff,22,TEX,AL,162,81,76,12,25,7,0,6,10,0,0,5,26,0,0,0,0,0
leonsa01,2020,1,1,Sandy Leon,31,CLE,AL,162,198,165,12,25,3,0,5,12,0,0,31,51,0,2,0,0,5
espinsa01,2020,1,1,Santiago Espinal,25,TOR,AL,162,162,147,23,38,9,0,1,15,2,0,11,40,0,0,2,2,3
heinesc01,2020,1,1,Scott Heineman,27,TEX,AL,162,132,126,15,21,7,0,3,17,6,0,6,28,0,0,0,0,2
kingesc01,2020,1,1,Scott Kingery,26,PHI,NL,162,304,276,30,47,12,0,8,18,1,0,23,84,0,3,2,0,3
schebsc01,2020,1,1,Scott Schebler,29,ATL,NL,162,2,2,0,0,0,0,0,0,0,0,0,0,0,0,0,0,0
murphse01,2020,1,1,Sean Murphy,25,OAK,AL,162,343,289,49,66,12,0,16,35,1,0,53,90,0,1,0,0,13
rodrise01,2020,1,1,Sean Rodriguez,35,MIA,NL,162,32,31,1,5,0,0,0,1,0,0,1,14,0,0,0,0,0
alcanse01,2020,1,1,Sergio Alcantara,23,DET,AL,162,56,51,5,8,0,2,2,3,0,0,5,11,0,0,0,0,0
brownse01,2020,1,1,Seth Brown,27,OAK,AL,162,12,12,0,0,0,0,0,0,0,0,0,5,0,0,0,0,0
longsh01,2020,1,1,Shed Long,24,SEA,AL,162,314,286,26,51,12,0,8,24,9,0,27,89,0,1,0,0,3
apostsh01,2020,1,1,Sherten Apostel,21,TEX,AL,162,51,48,3,6,2,0,0,1,0,0,3,20,0,0,0,0,0
choosh01,2020,1,1,Shin-Soo Choo,37,TEX,AL,162,311,271,32,63,8,0,12,36,13,4,31,80,2,5,0,4,3
akiyash01,2020,1,1,Shogo Akiyama,32,CIN,NL,162,448,383,41,92,15,2,2,27,15,6,57,89,0,5,0,1,4
ohtansh01,2020,1,1,Shohei Ohtani,25,LAA,AL,162,429,377,55,74,15,0,16,56,15,2,51,120,0,1,0,0,8
castrst01,2020,1,1,Starlin Castro,30,WSN,NL,162,154,146,21,38,7,2,5,11,0,0,8,33,0,0,0,0,1
martest01,2020,1,1,Starling Marte,31,TOT,NL,162,613,557,85,150,32,2,15,66,21,4,34,111,2,19,0,3,12
piscost01,2020,1,1,Stephen Piscotty,29,OAK,AL,162,419,387,43,87,15,0,12,66,9,0,25,125,0,3,2,2,9
vogtst01,2020,1,1,Stephen Vogt,35,ARI,NL,162,198,177,16,31,11,0,3,18,0,0,19,45,0,0,0,2,3
duggast01,2020,1,1,Steven Duggar,26,SFG,NL,162,88,83,8,15,5,0,0,8,2,0,3,26,0,2,0,0,2
souzast01,2020,1,1,Steven Souza Jr.,31,CHC,NL,162,76,67,8,11,5,0,2,11,2,0,9,34,0,0,0,0,0
jonesta01,2020,1,1,Taylor Jones,26,HOU,AL,162,54,51,7,10,2,0,2,7,0,0,3,17,0,0,0,0,4
wardta01,2020,1,1,Taylor Ward,26,LAA,AL,162,250,229,37,61,14,4,1,15,5,0,20,68,0,1,0,0,3
hernate01,2020,1,1,Teoscar Hernandez,27,TOR,AL,162,507,463,76,128,18,0,35,78,13,2,36,150,0,3,0,3,10
estrath01,2020,1,1,Thairo Estrada,24,NYY,AL,162,127,117,19,21,1,0,3,8,2,0,4,44,0,6,0,0,0
anderti01,2020,1,1,Tim Anderson,27,CHW,AL,162,541,505,101,154,26,2,23,52,11,4,28,125,0,5,0,3,10
hillti01,2020,1,1,Tim Hill,30,SDP,NL,162,2,2,0,0,0,0,0,0,0,0,0,2,0,0,0,0,0
locasti01,2020,1,1,Tim Locastro,27,ARI,NL,162,201,172,34,47,9,2,5,18,8,0,19,37,0,8,2,0,1
lopesti01,2020,1,1,Tim Lopes,26,SEA,AL,162,370,347,40,81,27,0,6,37,11,0,18,85,0,5,0,0,5
frazito01,2020,1,1,Todd Frazier,34,TOT,MLB,162,421,383,41,89,21,2,10,32,3,2,29,103,0,9,0,0,3
nidoto01,2020,1,1,Tomas Nido,26,NYM,NL,162,64,59,9,16,2,0,4,13,0,0,5,15,0,0,0,0,4
edmanto01,2020,1,1,Tommy Edman,25,STL,NL,162,556,499,69,122,18,2,13,63,5,8,41,122,0,11,0,5,12
lasteto01,2020,1,1,Tommy La Stella,31,TOT,AL,162,559,484,73,130,32,4,13,61,3,0,63,50,0,5,2,5,14
phamth01,2020,1,1,Tommy Pham,32,SDP,NL,162,306,268,32,57,6,0,8,30,13,0,35,68,0,3,0,0,5
kempto01,2020,1,1,Tony Kemp,28,OAK,AL,162,279,232,36,56,12,0,1,13,7,2,34,41,0,7,2,4,1
wolteto01,2020,1,1,Tony Wolters,28,COL,NL,162,267,244,25,56,10,0,1,21,1,0,16,72,0,3,4,0,3
blanktr01,2020,1,1,Travis Blankenhorn,23,MIN,AL,162,10,8,0,2,2,0,0,0,0,0,0,1,0,2,0,0,0
darnatr01,2020,1,1,Travis d'Arnaud,31,ATL,NL,162,451,404,47,122,19,0,20,77,3,0,39,121,0,5,0,3,18
demertr01,2020,1,1,Travis Demeritte,25,DET,AL,162,81,72,12,13,3,0,0,10,0,0,7,32,0,2,0,0,0
jankotr01,2020,1,1,Travis Jankowski,29,CIN,NL,162,42,37,7,4,0,0,0,1,4,2,5,16,0,0,0,0,2
shawtr01,2020,1,1,Travis Shaw,30,TOR,AL,162,441,399,43,94,23,0,14,43,1,0,39,120,0,1,0,2,10
turnetr01,2020,1,1,Trea Turner,27,WSN,NL,162,635,571,105,179,34,8,27,94,25,8,54,102,0,5,0,5,12
grishtr01,2020,1,1,Trent Grisham,23,SDP,NL,162,617,531,97,130,20,6,23,64,21,2,72,157,0,7,2,3,4
storytr01,2020,1,1,Trevor Story,27,COL,NL,162,635,575,95,159,30,8,25,68,31,6,58,156,2,1,0,1,12
barnhtu01,2020,1,1,Tucker Barnhart,29,CIN,NL,162,270,241,26,50,8,0,11,31,1,0,28,69,0,1,0,0,5
francty01,2020,1,1,Ty France,25,TOT,MLB,162,380,345,46,100,21,2,10,53,1,0,28,92,0,7,0,0,7
flowety01,2020,1,1,Tyler Flowers,34,ATL,NL,162,196,171,14,37,13,0,3,14,0,0,19,77,0,6,0,0,3
heinety01,2020,1,1,Tyler Heineman,29,SFG,NL,162,123,105,9,21,3,0,1,4,2,0,10,18,0,4,4,0,0
naquity01,2020,1,1,Tyler Naquin,29,CLE,AL,162,345,323,37,70,18,2,10,47,1,2,15,96,0,3,0,4,7
oneilty01,2020,1,1,Tyler O'Neill,25,STL,NL,162,385,342,48,62,13,0,16,46,7,2,36,104,0,5,0,2,7
stephty01,2020,1,1,Tyler Stephenson,23,CIN,NL,162,49,42,9,12,0,0,4,13,0,0,5,20,0,2,0,0,0
wadety01,2020,1,1,Tyler Wade,25,NYY,AL,162,257,218,43,39,8,0,7,25,9,2,28,56,0,7,2,2,3
tayloty01,2020,1,1,Tyrone Taylor,26,MIL,NL,162,100,92,14,22,9,0,5,14,0,0,6,21,0,2,0,0,2
caratvi01,2020,1,1,Victor Caratini,26,CHC,NL,162,323,285,27,68,16,0,4,38,1,2,29,77,2,9,0,0,9
reyesvi01,2020,1,1,Victor Reyes,25,DET,AL,162,522,490,71,131,18,4,11,38,17,4,26,114,0,5,0,1,10
roblevi01,2020,1,1,Victor Robles,23,WSN,NL,162,463,412,49,91,13,2,8,39,9,2,25,127,0,19,2,5,2
machivi01,2020,1,1,Vimael Machin,26,OAK,AL,162,174,155,26,32,5,0,1,3,0,0,19,28,0,0,0,0,9
guerrvl02,2020,1,1,Vladimir Guerrero Jr.,21,TOR,AL,162,595,540,80,138,30,4,21,78,3,0,49,104,2,5,0,1,14
merriwh01,2020,1,1,Whit Merrifield,31,KCR,AL,162,649,603,89,164,29,0,21,73,25,7,34,96,0,9,0,3,8
myerswi01,2020,1,1,Wil Myers,29,SDP,NL,162,534,484,79,133,32,4,33,90,5,2,44,137,0,5,0,1,2
craigwi01,2020,1,1,Will Craig,25,PIT,NL,162,10,10,0,0,0,0,0,0,0,0,0,3,0,0,0,0,0
smithwi05,2020,1,1,Will Smith,25,LAD,NL,162,336,284,53,78,20,0,18,57,1,0,45,60,2,5,0,2,5
castrwi01,2020,1,1,Willi Castro,23,DET,AL,162,343,315,49,102,10,4,14,55,1,2,19,92,0,3,2,4,1
contrwi02,2020,1,1,William Contreras,22,ATL,NL,162,25,25,1,9,2,0,0,3,0,0,0,9,0,0,0,0,0
astudwi01,2020,1,1,Willians Astudillo,28,MIN,AL,162,39,38,9,9,2,0,2,7,0,0,1,6,0,0,0,0,0
calhowi01,2020,1,1,Willie Calhoun,25,TEX,AL,162,265,244,11,48,6,2,3,31,1,0,14,46,0,3,0,4,3
contrwi01,2020,1,1,Willson Contreras,28,CHC,NL,162,551,468,85,112,24,0,17,63,3,4,49,140,2,29,0,5,14
adamewi01,2020,1,1,Willy Adames,24,TBR,AL,162,502,452,68,114,34,2,19,56,5,2,48,171,0,1,0,1,10
difowi01,2020,1,1,Wilmer Difo,28,WSN,NL,162,44,35,3,4,0,0,0,3,0,0,7,10,0,0,0,2,0
florewi01,2020,1,1,Wilmer Flores,28,SFG,NL,162,522,482,71,125,26,2,27,74,3,0,34,96,2,3,0,3,12
ramoswi01,2020,1,1,Wilson Ramos,32,NYM,NL,162,380,347,34,82,15,0,12,37,1,0,26,80,0,5,0,2,11
mathiwy01,2020,1,1,Wyatt Mathisen,26,ARI,NL,162,81,68,12,15,1,0,4,12,0,0,11,28,0,2,0,0,0
bogaexa01,2020,1,1,Xander Bogaerts,27,BOS,AL,162,551,496,83,142,20,0,25,67,17,0,51,108,4,1,0,3,8
hernaya01,2020,1,1,Yadiel Hernández,32,WSN,NL,162,69,64,7,13,6,0,2,13,0,0,3,27,0,0,0,2,0
riverya01,2020,1,1,Yadiel Rivera,28,TEX,AL,162,12,12,0,0,0,0,0,0,2,0,0,3,0,0,0,0,0
molinya01,2020,1,1,Yadier Molina,37,STL,NL,162,382,353,32,90,7,0,10,39,1,0,18,60,0,7,2,2,15
munozya01,2020,1,1,Yairo Munoz,25,BOS,AL,162,110,108,14,34,11,0,3,10,4,0,2,27,0,0,0,0,2
gomesya01,2020,1,1,Yan Gomes,32,WSN,NL,162,292,266,34,73,14,2,10,32,3,0,17,58,0,3,0,6,3
diazya01,2020,1,1,Yandy Díaz,28,TBR,AL,162,338,284,39,82,8,0,6,29,1,0,51,50,2,3,0,0,13
grandya01,2020,1,1,Yasmani Grandal,31,CHW,AL,162,475,400,64,91,17,0,18,63,1,0,67,138,0,3,0,5,10
merceye01,2020,1,1,Yermin Mercedes,27,CHW,AL,162,2,2,0,0,0,0,0,0,0,0,0,0,0,0,0,0,0
moncayo01,2020,1,1,Yoan Moncada,25,CHW,AL,162,566,493,68,111,20,6,15,59,1,0,65,170,0,3,0,5,4
cespeyo01,2020,1,1,Yoenis Céspedes,34,NYM,NL,162,83,76,8,13,3,0,4,10,0,0,5,34,0,2,0,0,2
sanchca01,2020,1,1,Yolmer Sanchez,28,CHW,AL,162,51,40,15,12,6,0,2,3,0,0,11,12,0,0,0,0,2
alvaryo01,2020,1,1,Yordan Álvarez,23,HOU,AL,162,22,20,4,5,0,0,2,8,0,0,0,3,0,2,0,0,2
tsutsyo01,2020,1,1,Yoshi Tsutsugo,28,TBR,AL,162,453,388,63,78,13,2,18,57,1,0,59,121,2,3,0,3,12
changyu01,2020,1,1,Yu Chang,24,CLE,AL,162,32,27,3,5,0,0,0,3,0,0,5,10,0,0,0,0,4
gourryu01,2020,1,1,Yuli Gurriel,36,HOU,AL,162,564,515,66,119,28,2,15,55,1,2,33,80,0,5,0,11,14
mckinza01,2020,1,1,Zach McKinstry,25,LAD,NL,162,17,17,2,5,2,0,0,0,0,0,0,7,0,0,0,0,2
colliza01,2020,1,1,Zack Collins,25,CHW,AL,162,44,39,3,4,2,0,0,1,0,0,5,12,0,0,0,0,0